Person 1,Person 2,Anniversary
Brian Peterson,Chloe Snyder,1978-09-02
Christina Moreno,Heather Silva,2013-05-14
Alicia Shelton,Roger Lee,2014-11-21
Mitchell Leach,Mrs. Brittany Mcdonald,1974-11-04
Jeffrey Simmons,Alexander Johnson,2014-11-14
Kimberly Gray,Zachary Howell,1990-07-06
Christina Moreno,Christopher Alvarado,2009-01-22
Jessica Norris,Heather Carpenter,2013-11-08
Jacob Joyce,Matthew Hill,2006-02-18
Anita Reed,Cody Bridges,1987-02-11
Amanda Mills,Kari Pratt,1974-10-04
Kevin Foster,Scott Butler,1998-12-22
Jessica Lopez,Savannah Wolf,2004-08-15
Chloe Snyder,Willie Greer,1975-11-14
Russell Baker,Kelly Ward,2002-04-22
Christina Moreno,Michael Hernandez,1977-04-02
Nicholas Nolan,Scott Holloway,1977-02-28
Mary Newman,William Salazar,2004-11-01
Daniel Wade,Becky Bush,2011-08-19
Matthew Hill,Mr. James Smith,2002-01-28
Dylan Bishop,Sherry Joseph,1997-05-06
Zachary Howell,Stephanie Holmes,2018-05-09
Jennifer Johnson,Mr. James Bryant,1990-01-28
Robin Rios,Nicole Robertson,1992-12-08
Kara Jones,Teresa Rios,2002-12-26
Robert Brown,Alexander Johnson,1986-01-09
Alexander Johnson,Nicole Robertson,1995-09-08
Jeffrey Jones,Arthur Kelley,2020-05-12
Amy Allen,Sherry Joseph,2014-10-17
Jacob Joyce,Cody Bridges,2016-11-25
Melissa Kline,Patricia Phelps,2017-03-12
Todd Drake,Stacey Le,1976-02-20
Amy Carter,Heather Silva,1981-09-12
Donald Nguyen,Taylor Doyle,1979-01-07
Thomas Boyd,Katie Graham,2019-03-21
Heather Suarez,Elizabeth Tyler,2008-11-14
Tammy Foster,Patricia Gutierrez,2002-06-14
Andrew George,Joseph Stevens,1976-06-27
Katherine Gray,Alexander Johnson,2000-06-23
Mrs. Brittany Mcdonald,Daniel Smith,2005-02-06
Lindsay Lopez,Patricia Phelps,2019-01-05
Thomas Montoya,Alexander Johnson,1980-08-10
Teresa Rios,Patricia Gutierrez,2016-09-02
Lacey Ward,Jennifer Sandoval,1985-06-27
Jonathan Sandoval,Jeffrey Simmons,1990-06-29
Angela Grimes,Michael Johnson,2022-09-26
